{
    "bmi18.5": {
        "age1829": 0.000857564,
        "age3039": 0.001462186,
        "age4049": 0.00256013,
        "age5059": 0.005922788,
        "age6064": 0.010155602
    },
    "bmi19": {
        "age1829": 0.000857564,
        "age3039": 0.001462186,
        "age4049": 0.00256013,
        "age5059": 0.005922788,
        "age6064": 0.010155602
    },
    "bmi19.5": {
        "age1829": 0.000857564,
        "age3039": 0.001462186,
        "age4049": 0.00256013,
        "age5059": 0.005922788,
        "age6064": 0.010155602
    },
    "bmi20": {
        "age1829": 0.000794676,
        "age3039": 0.001355018,
        "age4049": 0.002372698,
        "age5059": 0.005490609,
        "age6064": 0.009417346
    },
    "bmi20.5": {
        "age1829": 0.000794676,
        "age3039": 0.001355018,
        "age4049": 0.002372698,
        "age5059": 0.005490609,
        "age6064": 0.009417346
    },
    "bmi21": {
        "age1829": 0.000794676,
        "age3039": 0.001355018,
        "age4049": 0.002372698,
        "age5059": 0.005490609,
        "age6064": 0.009417346
    },
    "bmi21.5": {
        "age1829": 0.000794676,
        "age3039": 0.001355018,
        "age4049": 0.002372698,
        "age5059": 0.005490609,
        "age6064": 0.009417346
    },
    "bmi22": {
        "age1829": 0.000794676,
        "age3039": 0.001355018,
        "age4049": 0.002372698,
        "age5059": 0.005490609,
        "age6064": 0.009417346
    },
    "bmi22.5": {
        "age1829": 0.000786814,
        "age3039": 0.00134162,
        "age4049": 0.002349263,
        "age5059": 0.005436558,
        "age6064": 0.009324986
    },
    "bmi23": {
        "age1829": 0.000786814,
        "age3039": 0.00134162,
        "age4049": 0.002349263,
        "age5059": 0.005436558,
        "age6064": 0.009324986
    },
    "bmi23.5": {
        "age1829": 0.000786814,
        "age3039": 0.00134162,
        "age4049": 0.002349263,
        "age5059": 0.005436558,
        "age6064": 0.009324986
    },
    "bmi24": {
        "age1829": 0.000786814,
        "age3039": 0.00134162,
        "age4049": 0.002349263,
        "age5059": 0.005436558,
        "age6064": 0.009324986
    },
    "bmi24.5": {
        "age1829": 0.000786814,
        "age3039": 0.00134162,
        "age4049": 0.002349263,
        "age5059": 0.005436558,
        "age6064": 0.009324986
    },
    "bmi25": {
        "age1829": 0.000833981,
        "age3039": 0.001422001,
        "age4049": 0.002489852,
        "age5059": 0.005760767,
        "age6064": 0.009878887
    },
    "bmi25.5": {
        "age1829": 0.000833981,
        "age3039": 0.001422001,
        "age4049": 0.002489852,
        "age5059": 0.005760767,
        "age6064": 0.009878887
    },
    "bmi26": {
        "age1829": 0.000833981,
        "age3039": 0.001422001,
        "age4049": 0.002489852,
        "age5059": 0.005760767,
        "age6064": 0.009878887
    },
    "bmi26.5": {
        "age1829": 0.000833981,
        "age3039": 0.001422001,
        "age4049": 0.002489852,
        "age5059": 0.005760767,
        "age6064": 0.009878887
    },
    "bmi27": {
        "age1829": 0.000833981,
        "age3039": 0.001422001,
        "age4049": 0.002489852,
        "age5059": 0.005760767,
        "age6064": 0.009878887
    },
    "bmi27.5": {
        "age1829": 0.000920443,
        "age3039": 0.001569332,
        "age4049": 0.002747489,
        "age5059": 0.00635457,
        "age6064": 0.010892741
    },
    "bmi28": {
        "age1829": 0.000920443,
        "age3039": 0.001569332,
        "age4049": 0.002747489,
        "age5059": 0.00635457,
        "age6064": 0.010892741
    },
    "bmi28.5": {
        "age1829": 0.000920443,
        "age3039": 0.001569332,
        "age4049": 0.002747489,
        "age5059": 0.00635457,
        "age6064": 0.010892741
    },
    "bmi29": {
        "age1829": 0.000920443,
        "age3039": 0.001569332,
        "age4049": 0.002747489,
        "age5059": 0.00635457,
        "age6064": 0.010892741
    },
    "bmi29.5": {
        "age1829": 0.000920443,
        "age3039": 0.001569332,
        "age4049": 0.002747489,
        "age5059": 0.00635457,
        "age6064": 0.010892741
    },
    "bmi30": {
        "age1829": 0.001093319,
        "age3039": 0.001863862,
        "age4049": 0.003262347,
        "age5059": 0.007539926,
        "age6064": 0.012914139
    },
    "bmi30.5": {
        "age1829": 0.001093319,
        "age3039": 0.001863862,
        "age4049": 0.003262347,
        "age5059": 0.007539926,
        "age6064": 0.012914139
    },
    "bmi31": {
        "age1829": 0.001093319,
        "age3039": 0.001863862,
        "age4049": 0.003262347,
        "age5059": 0.007539926,
        "age6064": 0.012914139
    },
    "bmi31.5": {
        "age1829": 0.001093319,
        "age3039": 0.001863862,
        "age4049": 0.003262347,
        "age5059": 0.007539926,
        "age6064": 0.012914139
    },
    "bmi32": {
        "age1829": 0.001093319,
        "age3039": 0.001863862,
        "age4049": 0.003262347,
        "age5059": 0.007539926,
        "age6064": 0.012914139
    },
    "bmi32.5": {
        "age1829": 0.001093319,
        "age3039": 0.001863862,
        "age4049": 0.003262347,
        "age5059": 0.007539926,
        "age6064": 0.012914139
    },
    "bmi33": {
        "age1829": 0.001093319,
        "age3039": 0.001863862,
        "age4049": 0.003262347,
        "age5059": 0.007539926,
        "age6064": 0.012914139
    },
    "bmi33.5": {
        "age1829": 0.001093319,
        "age3039": 0.001863862,
        "age4049": 0.003262347,
        "age5059": 0.007539926,
        "age6064": 0.012914139
    },
    "bmi34": {
        "age1829": 0.001093319,
        "age3039": 0.001863862,
        "age4049": 0.003262347,
        "age5059": 0.007539926,
        "age6064": 0.012914139
    },
    "bmi34.5": {
        "age1829": 0.001093319,
        "age3039": 0.001863862,
        "age4049": 0.003262347,
        "age5059": 0.007539926,
        "age6064": 0.012914139
    },
    "bmi35": {
        "age1829": 0.001517386,
        "age3039": 0.002586051,
        "age4049": 0.003262347,
        "age5059": 0.010436786,
        "age6064": 0.01784032
    },
    "bmi35.5": {
        "age1829": 0.001517386,
        "age3039": 0.002586051,
        "age4049": 0.003262347,
        "age5059": 0.010436786,
        "age6064": 0.01784032
    },
    "bmi36": {
        "age1829": 0.001517386,
        "age3039": 0.002586051,
        "age4049": 0.003262347,
        "age5059": 0.010436786,
        "age6064": 0.01784032
    },
    "bmi36.5": {
        "age1829": 0.001517386,
        "age3039": 0.002586051,
        "age4049": 0.003262347,
        "age5059": 0.010436786,
        "age6064": 0.01784032
    },
    "bmi37": {
        "age1829": 0.001517386,
        "age3039": 0.002586051,
        "age4049": 0.003262347,
        "age5059": 0.010436786,
        "age6064": 0.01784032
    },
    "bmi37.5": {
        "age1829": 0.001517386,
        "age3039": 0.002586051,
        "age4049": 0.003262347,
        "age5059": 0.010436786,
        "age6064": 0.01784032
    },
    "bmi38": {
        "age1829": 0.001517386,
        "age3039": 0.002586051,
        "age4049": 0.003262347,
        "age5059": 0.010436786,
        "age6064": 0.01784032
    },
    "bmi38.5": {
        "age1829": 0.001517386,
        "age3039": 0.002586051,
        "age4049": 0.003262347,
        "age5059": 0.010436786,
        "age6064": 0.01784032
    },
    "bmi39": {
        "age1829": 0.001517386,
        "age3039": 0.002586051,
        "age4049": 0.003262347,
        "age5059": 0.010436786,
        "age6064": 0.01784032
    },
    "bmi39.5": {
        "age1829": 0.001517386,