{
    "bmi18.5": {
        "risk": 0.0873557465278075
    },
    "bmi19": {
        "risk": 0.0873557465278075
    },
    "bmi19.5": {
        "risk": 0.0873557465278075
    },
    "bmi20": {
        "risk": 0.0873557465278075
    },
    "bmi20.5": {
        "risk": 0.0873557465278075
    },
    "bmi21": {
        "risk": 0.0873557465278075
    },
    "bmi21.5": {
        "risk": 0.0873557465278075
    },
    "bmi22": {
        "risk": 0.0873557465278075
    },
    "bmi22.5": {
        "risk": 0.0907820343784600
    },
    "bmi23": {
        "risk": 0.0941467364180175
    },
    "bmi23.5": {
        "risk": 0.0974498526464800
    },
    "bmi24": {
        "risk": 0.1006913830638480
    },
    "bmi24.5": {
        "risk": 0.1038713276701200
    },
    "bmi25": {
        "risk": 0.1069896864652970
    },
    "bmi25.5": {
        "risk": 0.1100464594493800
    },
    "bmi26": {
        "risk": 0.1130416466223670
    },
    "bmi26.5": {
        "risk": 0.1159752479842600
    },
    "bmi27": {
        "risk": 0.1188472635350570
    },
    "bmi27.5": {
        "risk": 0.1216576932747600
    },
    "bmi28": {
        "risk": 0.1244065372033680
    },
    "bmi28.5": {
        "risk": 0.1270937953208800
    },
    "bmi29": {
        "risk": 0.1297194676272980
    },
    "bmi29.5": {
        "risk": 0.1322835541226200
    },
    "bmi30": {
        "risk": 0.1347860548068480
    },
    "bmi30.5": {
        "risk": 0.1372269696799800
    },
    "bmi31": {
        "risk": 0.1396062987420180
    },
    "bmi31.5": {
        "risk": 0.1419240419929600
    },
    "bmi32": {
        "risk": 0.1441801994328080
    },
    "bmi32.5": {
        "risk": 0.1463747710615600
    },
    "bmi33": {
        "risk": 0.1485077568792170
    },
    "bmi33.5": {
        "risk": 0.1505791568857800
    },
    "bmi34": {
        "risk": 0.1525889710812470
    },
    "bmi34.5": {
        "risk": 0.1545371994656200
    },
    "bmi35": {
        "risk": 0.1564238420388970
    },
    "bmi35.5": {
        "risk": 0.1582488988010800
    },
    "bmi36": {
        "risk": 0.1600123697521670
    },
    "bmi36.5": {
        "risk": 0.1617142548921600
    },
    "bmi37": {
        "risk": 0.1633545542210570
    },
    "bmi37.5": {
        "risk": 0.1649332677388600
    },
    "bmi38": {
        "risk": 0.1664503954455680
    },
    "bmi38.5": {
        "risk": 0.1679059373411800
    },
    "bmi39": {
        "risk": 0.1692998934256980
    },
    "bmi39.5": {
        "risk": 0.1706322636991200
    },
    "bmi40": {
        "risk": 0.1719030481614480
    },
    "bmi40.5": {
        "risk": 0.1731122468126800
    },
    "bmi41": {
        "risk": 0.1742598596528180
    },
    "bmi41.5": {
        "risk": 0.1753458866818600
    },
    "bmi42": {
        "risk": 0.1763703278998080
    },
    "bmi42.5": {
        "risk": 0.1773331833066600
    },
    "bmi43": {
        "risk": 0.1782344529024180
    },
    "bmi43.5": {
        "risk": 0.1782344529024180
    },
    "bmi44": {
        "risk": 0.1782344529024180
    },
    "bmi44.5": {
        "risk": 0.1782344529024180
    },
    "bmi45": {
        "risk": 0.1782344529024180
    },
    "bmi45.5": {
        "risk": 0.1782344529024180
    },
    "bmi46": {
        "risk": 0.1782344529024180
    },
    "bmi46.5": {
        "risk": 0.1782344529024180
    },
    "bmi47": {
        "risk": 0.1782344529024180
    },
    "bmi47.5": {
        "risk": 0.1782344529024180
    },
    "bmi48": {
        "risk": 0.1782344529024180
    },
    "bmi48.5": {
        "risk": 0.1782344529024180
    },
    "bmi49": {
        "risk": 0.1782344529024180
    },
    "bmi49.5": {
        "risk": 0.1782344529024180
    },
    "bmi50": {
        "risk": 0.1782344529024180
    },
    "bmi50.5": {
        "risk": 0.1782344529024180
    },
    "bmi51": {
        "risk": 0.1782344529024180
    },
    "bmi51.5": {
        "risk": 0.1782344529024180
    },
    "bmi52": {
        "risk": 0.1782344529024180
    },
    "bmi52.5": {
        "risk": 0.1782344529024180
    },
    "bmi53": {
        "risk": 0.1782344529024180
    },
    "bmi53.5": {
        "risk": 0.1782344529024180
    },
    "bmi54": {
        "risk": 0.1782344529024180
    },
    "bmi54.5": {
        "risk": 0.1782344529024180
    },
    "bmi55": {
        "risk": 0.1782344529024180
    },
    "bmi55.5": {
        "risk": 0.1782344529024180
    },
    "bmi56": {
        "risk": 0.1782344529024180
    },
    "bmi56.5": {
        "risk": 0.1782344529024180
    },
    "bmi57": {
        "risk": 0.1782344529024180
    },
    "bmi57.5": {
        "risk": 0.1782344529024180
    },
    "bmi58": {
        "risk": 0.1782344529024180
    },
    "bmi58.5": {
        "risk": 0.1782344529024180
    },
    "bmi59": {
        "risk": 0.1782344529024180
    },
    "bmi59.5": {
        "risk": 0.1782344529024180
    },
    "bmi60": {
        "risk": 0.1782344529024180
    },
    "bmi60.5": {
        "risk": 0.1782344529024180
    },
    "bmi61": {
        "risk": 0.1782344529024180
    },
    "bmi61.5": {
        "risk": 0.1782344529024180
    },
    "bmi62": {
        "risk": 0.1782344529024180
    },
    "bmi62.5": {
        "risk": 0.1782344529024180
    },
    "bmi63": {
        "risk": 0.1782344529024180
    },
    "bmi63.5": {
        "risk": 0.1782344529024180
    },
    "bmi64": {
        "risk": 0.1782344529024180
    },
    "bmi64.5": {
        "risk": 0.1782344529024180
    },
    "bmi65": {
        "risk": 0.1782344529024180
    },
    "bmi65.5": {
        "risk": 0.1782344529024180
    },
    "bmi66": {
        "risk": 0.1782344529024180
    },
    "bmi66.5": {
        "risk": 0.1782344529024180
    },
    "bmi67": {
        "risk": 0.1782344529024180
    },
    "bmi67.5": {
        "risk": 0.1782344529024180
    },
    "bmi68": {
        "risk": 0.1782344529024180
    },
    "bmi68.5": {
        "risk": 0.1782344529024180
    },
    "bmi69": {
        "risk": 0.1782344529024180
    },
    "bmi69.5": {
        "risk": 0.1782344529024180
    },
    "bmi70 and above": {
        "risk": 0.1782344529024180
    },
}